<environmentvariabledefinition schemaname="al_Navigation">
  <defaultvalue>{"Nav1":"City","Nav2":"Week","Nav3":"Weekday"}</defaultvalue>
  <description default="Used for the navigation menus in the app.">
    <label description="Used for the navigation menus in the app." languagecode="1053" />
  </description>
  <displayname default="Navigation">
    <label description="Navigation" languagecode="1053" />
  </displayname>
  <introducedversion>1.0.0.0</introducedversion>
  <iscustomizable>1</iscustomizable>
  <isrequired>0</isrequired>
  <secretstore>0</secretstore>
  <type>100000003</type>
</environmentvariabledefinition>