﻿<?xml version="1.0" encoding="utf-8"?>
<ImportExportXml xmlns:xsi="http://www.w3.org/2001/XMLSchema-instance">
  <Entities />
  <Roles />
  <Workflows>
    <Workflow WorkflowId="{476b865d-3869-ee11-9ae7-002248993e6c}" Name="Button -&gt; Get Apps">
      <JsonFileName>/Workflows/Button-GetApps-476B865D-3869-EE11-9AE7-002248993E6C.json</JsonFileName>
      <Type>1</Type>
      <Subprocess>0</Subprocess>
      <Category>5</Category>
      <Mode>0</Mode>
      <Scope>4</Scope>
      <OnDemand>0</OnDemand>
      <TriggerOnCreate>0</TriggerOnCreate>
      <TriggerOnDelete>0</TriggerOnDelete>
      <AsyncAutodelete>0</AsyncAutodelete>
      <SyncWorkflowLogOnFailure>0</SyncWorkflowLogOnFailure>
      <StateCode>1</StateCode>
      <StatusCode>2</StatusCode>
      <RunAs>1</RunAs>
      <IsTransacted>1</IsTransacted>
      <IntroducedVersion>1.0.0.0</IntroducedVersion>
      <IsCustomizable>1</IsCustomizable>
      <BusinessProcessType>0</BusinessProcessType>
      <IsCustomProcessingStepAllowedForOtherPublishers>1</IsCustomProcessingStepAllowedForOtherPublishers>
      <PrimaryEntity>none</PrimaryEntity>
      <LocalizedNames>
        <LocalizedName languagecode="1053" description="Button -&gt; Get Apps" />
      </LocalizedNames>
    </Workflow>
    <Workflow WorkflowId="{8a29cb2f-f668-ee11-9ae7-0022489934ec}" Name="Create Lists">
      <JsonFileName>/Workflows/CreateLists-8A29CB2F-F668-EE11-9AE7-0022489934EC.json</JsonFileName>
      <Type>1</Type>
      <Subprocess>0</Subprocess>
      <Category>5</Category>
      <Mode>0</Mode>
      <Scope>4</Scope>
      <OnDemand>0</OnDemand>
      <TriggerOnCreate>0</TriggerOnCreate>
      <TriggerOnDelete>0</TriggerOnDelete>
      <AsyncAutodelete>0</AsyncAutodelete>
      <SyncWorkflowLogOnFailure>0</SyncWorkflowLogOnFailure>
      <StateCode>1</StateCode>
      <StatusCode>2</StatusCode>
      <RunAs>1</RunAs>
      <IsTransacted>1</IsTransacted>
      <IntroducedVersion>1.0.0.0</IntroducedVersion>
      <IsCustomizable>1</IsCustomizable>
      <BusinessProcessType>0</BusinessProcessType>
      <IsCustomProcessingStepAllowedForOtherPublishers>1</IsCustomProcessingStepAllowedForOtherPublishers>
      <PrimaryEntity>none</PrimaryEntity>
      <LocalizedNames>
        <LocalizedName languagecode="1053" description="Create Lists" />
      </LocalizedNames>
    </Workflow>
    <Workflow WorkflowId="{7fe8f130-4468-ee11-9ae7-002248993e6c}" Name="create sharepoint list">
      <JsonFileName>/Workflows/createsharepointlist-7FE8F130-4468-EE11-9AE7-002248993E6C.json</JsonFileName>
      <Type>1</Type>
      <Subprocess>0</Subprocess>
      <Category>5</Category>
      <Mode>0</Mode>
      <Scope>4</Scope>
      <OnDemand>0</OnDemand>
      <TriggerOnCreate>0</TriggerOnCreate>
      <TriggerOnDelete>0</TriggerOnDelete>
      <AsyncAutodelete>0</AsyncAutodelete>
      <SyncWorkflowLogOnFailure>0</SyncWorkflowLogOnFailure>
      <StateCode>1</StateCode>
      <StatusCode>2</StatusCode>
      <RunAs>1</RunAs>
      <IsTransacted>1</IsTransacted>
      <IntroducedVersion>1.0.0.0</IntroducedVersion>
      <IsCustomizable>1</IsCustomizable>
      <BusinessProcessType>0</BusinessProcessType>
      <IsCustomProcessingStepAllowedForOtherPublishers>1</IsCustomProcessingStepAllowedForOtherPublishers>
      <PrimaryEntity>none</PrimaryEntity>
      <LocalizedNames>
        <LocalizedName languagecode="1053" description="create sharepoint list" />
      </LocalizedNames>
    </Workflow>
    <Workflow WorkflowId="{34643294-336c-ee11-9ae7-0022489934ec}" Name="Testflow">
      <JsonFileName>/Workflows/Testflow-34643294-336C-EE11-9AE7-0022489934EC.json</JsonFileName>
      <Type>1</Type>
      <Subprocess>0</Subprocess>
      <Category>5</Category>
      <Mode>0</Mode>
      <Scope>4</Scope>
      <OnDemand>0</OnDemand>
      <TriggerOnCreate>0</TriggerOnCreate>
      <TriggerOnDelete>0</TriggerOnDelete>
      <AsyncAutodelete>0</AsyncAutodelete>
      <SyncWorkflowLogOnFailure>0</SyncWorkflowLogOnFailure>
      <StateCode>1</StateCode>
      <StatusCode>2</StatusCode>
      <RunAs>1</RunAs>
      <IsTransacted>1</IsTransacted>
      <IntroducedVersion>1.0.0.0</IntroducedVersion>
      <IsCustomizable>1</IsCustomizable>
      <BusinessProcessType>0</BusinessProcessType>
      <IsCustomProcessingStepAllowedForOtherPublishers>1</IsCustomProcessingStepAllowedForOtherPublishers>
      <PrimaryEntity>none</PrimaryEntity>
      <LocalizedNames>
        <LocalizedName languagecode="1053" description="Testflow" />
      </LocalizedNames>
    </Workflow>
  </Workflows>
  <FieldSecurityProfiles />
  <Templates />
  <EntityMaps />
  <EntityRelationships />
  <OrganizationSettings />
  <optionsets />
  <CustomControls />
  <EntityDataProviders />
  <CanvasApps>
    <CanvasApp>
      <Name>al_app_0b0bb</Name>
      <AppVersion>2023-10-20T08:20:55Z</AppVersion>
      <Status>NotReady</Status>
      <CreatedByClientVersion>3.23102.16.0</CreatedByClientVersion>
      <MinClientVersion>3.23102.16.0</MinClientVersion>
      <Tags>{"primaryDeviceWidth":"640","primaryDeviceHeight":"1136","supportsPortrait":"true","supportsLandscape":"true","primaryFormFactor":"Phone","showStatusBar":"false","publisherVersion":"3.23102.16","minimumRequiredApiVersion":"2.2.0","hasComponent":"false","hasUnlockedComponent":"false","isUnifiedRootApp":"false","sienaVersion":"20231019T085538Z-3.23101.23.0"}</Tags>
      <IsCdsUpgraded>0</IsCdsUpgraded>
      <GalleryItemId xsi:nil="true"></GalleryItemId>
      <BackgroundColor>RGBA(0,176,240,1)</BackgroundColor>
      <DisplayName>MyTestProject</DisplayName>
      <Description></Description>
      <CommitMessage></CommitMessage>
      <Publisher></Publisher>
      <AuthorizationReferences>[]</AuthorizationReferences>
      <ConnectionReferences>{"cf8fe8af-7432-4616-8375-58feb31bae9b":{"id":"/providers/microsoft.powerapps/apis/shared_sharepointonline","displayName":"SharePoint","iconUri":"https://connectoricons-prod.azureedge.net/u/henryorsborn/partial-builds/asev3migrations-with-resourceTemplate/1.0.1653.3414/sharepointonline/icon.png","dataSources":["List_Variables","List_finished_report","List_Navigation"],"dependencies":[],"dependents":[],"parameterHints":{},"parameterHintsV2":{},"isOnPremiseConnection":false,"bypassConsent":false,"dataSets":{"https://greenlandscapingmalmo.sharepoint.com/sites/Avvikelsehantering2_al_SharepointSiteURL":{"datasetOverride":{"environmentVariableName":"al_SharepointSiteURL"},"dataSources":{"List_Variables":{"tableName":"e8cc5f80-bf3c-4ea6-9fa8-92755e796143","tableNameOverride":{"environmentVariableName":"al_List_Variables"}},"List_finished_report":{"tableName":"ff034583-73d4-4220-90f4-dafc5cf246f7","tableNameOverride":{"environmentVariableName":"al_List_finished_report"}},"List_Navigation":{"tableName":"8a126430-200c-48d2-814c-0e63a8c029ac","tableNameOverride":{"environmentVariableName":"al_List_Navigation"}}}}},"apiTier":"Standard","actions":["providers/PowerPlatform.Governance/Operations/Read"]},"3b1ce9b4-2dd1-41d5-abde-f5ad6d67c7d8":{"id":"/providers/microsoft.powerapps/apis/shared_sharepointonline","displayName":"SharePoint","iconUri":"https://connectoricons-prod.azureedge.net/u/henryorsborn/partial-builds/asev3migrations-with-resourceTemplate/1.0.1653.3414/sharepointonline/icon.png","dataSources":["List_Report","List_Control"],"dependencies":[],"dependents":[],"parameterHints":{},"parameterHintsV2":{},"isOnPremiseConnection":false,"bypassConsent":false,"dataSets":{"https://greenlandscapingmalmo.sharepoint.com/sites/Avvikelsehantering2_al_SharepointSiteURL":{"datasetOverride":{"environmentVariableName":"al_SharepointSiteURL"},"dataSources":{"List_Report":{"tableName":"25699c65-d136-4833-bf46-49fd003f838b","tableNameOverride":{"environmentVariableName":"al_shared_sharepointonline_29bcca241e624455b4318404ae715111"}},"List_Control":{"tableName":"60907c6b-3d07-43db-bbd8-26243c989e00","tableNameOverride":{"environmentVariableName":"al_shared_sharepointonline_6a1ce7de7b664e3aa6ef01086adac5d6"}}}}},"apiTier":"Standard","actions":["providers/PowerPlatform.Governance/Operations/Read","providers/PowerPlatform.Governance/Operations/Write"]}}</ConnectionReferences>
      <DatabaseReferences>{}</DatabaseReferences>
      <AppComponents>[]</AppComponents>
      <AppComponentDependencies>[]</AppComponentDependencies>
      <CanConsumeAppPass>1</CanConsumeAppPass>
      <CanvasAppType>0</CanvasAppType>
      <BypassConsent>0</BypassConsent>
      <AdminControlBypassConsent>0</AdminControlBypassConsent>
      <EmbeddedApp xsi:nil="true"></EmbeddedApp>
      <IntroducedVersion>1.0</IntroducedVersion>
      <CdsDependencies>{"cdsdependencies":[{"componenttype":380,"logicalname":"al_SharepointSiteURL","componenttypeplatformname":"EnvironmentVariableDefinition"},{"componenttype":380,"logicalname":"al_List_Variables","componenttypeplatformname":"EnvironmentVariableDefinition"},{"componenttype":380,"logicalname":"al_List_finished_report","componenttypeplatformname":"EnvironmentVariableDefinition"},{"componenttype":380,"logicalname":"al_List_Navigation","componenttypeplatformname":"EnvironmentVariableDefinition"},{"componenttype":380,"logicalname":"al_shared_sharepointonline_29bcca241e624455b4318404ae715111","componenttypeplatformname":"EnvironmentVariableDefinition"},{"componenttype":380,"logicalname":"al_shared_sharepointonline_6a1ce7de7b664e3aa6ef01086adac5d6","componenttypeplatformname":"EnvironmentVariableDefinition"}]}</CdsDependencies>
      <IsCustomizable>1</IsCustomizable>
      <BackgroundImageUri>/CanvasApps/al_app_0b0bb_BackgroundImageUri</BackgroundImageUri>
      <DocumentUri>/CanvasApps/al_app_0b0bb_DocumentUri.msapp</DocumentUri>
    </CanvasApp>
    <CanvasApp>
      <Name>al_setup_3ede0</Name>
      <AppVersion>2023-10-20T08:20:56Z</AppVersion>
      <Status>Ready</Status>
      <CreatedByClientVersion>3.23094.31.0</CreatedByClientVersion>
      <MinClientVersion>3.23094.31.0</MinClientVersion>
      <Tags>{"primaryDeviceWidth":"1366","primaryDeviceHeight":"768","supportsPortrait":"true","supportsLandscape":"true","primaryFormFactor":"Tablet","showStatusBar":"false","publisherVersion":"3.23094.31","minimumRequiredApiVersion":"2.2.0","hasComponent":"false","hasUnlockedComponent":"false","isUnifiedRootApp":"false"}</Tags>
      <IsCdsUpgraded>0</IsCdsUpgraded>
      <GalleryItemId xsi:nil="true"></GalleryItemId>
      <BackgroundColor>RGBA(0,176,240,1)</BackgroundColor>
      <DisplayName>Setup</DisplayName>
      <Description></Description>
      <CommitMessage></CommitMessage>
      <Publisher></Publisher>
      <AuthorizationReferences>[]</AuthorizationReferences>
      <ConnectionReferences>{}</ConnectionReferences>
      <DatabaseReferences>{"default.cds":{"databaseDetails":{"referenceType":"Environmental","environmentName":"default.cds","overrideValues":{"status":"NotSpecified"}},"dataSources":{"Environment Variable Definitions":{"entitySetName":"environmentvariabledefinitions","logicalName":"environmentvariabledefinition"},"Environment Variable Values":{"entitySetName":"environmentvariablevalues","logicalName":"environmentvariablevalue"}}}}</DatabaseReferences>
      <AppComponents>[]</AppComponents>
      <AppComponentDependencies>[]</AppComponentDependencies>
      <CanConsumeAppPass>1</CanConsumeAppPass>
      <CanvasAppType>0</CanvasAppType>
      <BypassConsent>0</BypassConsent>
      <AdminControlBypassConsent>0</AdminControlBypassConsent>
      <EmbeddedApp xsi:nil="true"></EmbeddedApp>
      <IntroducedVersion>1.0</IntroducedVersion>
      <CdsDependencies>{"cdsdependencies":[{"componenttype":1,"logicalname":"environmentvariabledefinition"},{"componenttype":1,"logicalname":"environmentvariablevalue"}]}</CdsDependencies>
      <IsCustomizable>1</IsCustomizable>
      <BackgroundImageUri>/CanvasApps/al_setup_3ede0_BackgroundImageUri</BackgroundImageUri>
      <DocumentUri>/CanvasApps/al_setup_3ede0_DocumentUri.msapp</DocumentUri>
    </CanvasApp>
  </CanvasApps>
  <connectionreferences>
    <connectionreference connectionreferencelogicalname="al_sharedcommondataserviceforapps_6fe71">
      <connectionreferencedisplayname>Microsoft Dataverse Egenkontroller-6fe71</connectionreferencedisplayname>
      <connectorid>/providers/Microsoft.PowerApps/apis/shared_commondataserviceforapps</connectorid>
      <iscustomizable>1</iscustomizable>
      <statecode>0</statecode>
      <statuscode>1</statuscode>
    </connectionreference>
    <connectionreference connectionreferencelogicalname="al_sharedpowerappsforadmins_ffff3">
      <connectionreferencedisplayname>Power Apps for Admins Egenkontroller-ffff3</connectionreferencedisplayname>
      <connectorid>/providers/Microsoft.PowerApps/apis/shared_powerappsforadmins</connectorid>
      <iscustomizable>1</iscustomizable>
      <statecode>0</statecode>
      <statuscode>1</statuscode>
    </connectionreference>
    <connectionreference connectionreferencelogicalname="al_sharedsharepointonline_3a6b7">
      <connectionreferencedisplayname>SharePoint Egenkontroller-3a6b7</connectionreferencedisplayname>
      <connectorid>/providers/Microsoft.PowerApps/apis/shared_sharepointonline</connectorid>
      <iscustomizable>1</iscustomizable>
      <statecode>0</statecode>
      <statuscode>1</statuscode>
    </connectionreference>
    <connectionreference connectionreferencelogicalname="al_sharedsharepointonline_636d0">
      <connectionreferencedisplayname>SharePoint Egenkontroller-636d0</connectionreferencedisplayname>
      <connectorid>/providers/Microsoft.PowerApps/apis/shared_sharepointonline</connectorid>
      <iscustomizable>1</iscustomizable>
      <statecode>0</statecode>
      <statuscode>1</statuscode>
    </connectionreference>
    <connectionreference connectionreferencelogicalname="al_Sharepoint">
      <connectionreferencedisplayname>Sharepoint</connectionreferencedisplayname>
      <connectorid>/providers/Microsoft.PowerApps/apis/shared_sharepointonline</connectorid>
      <iscustomizable>1</iscustomizable>
      <statecode>0</statecode>
      <statuscode>1</statuscode>
    </connectionreference>
  </connectionreferences>
  <Languages>
    <Language>1053</Language>
  </Languages>
</ImportExportXml>